20 Mar 2014,Amsterdam Scala Mar 2014,Joost Heijkoop
20 Mar 2014,Amsterdam Scala Mar 2014,Fabio Tiriticco
13 Nov 2015,Reactive Amsterdam Meetup Nov 2015,Pierangelo Cecchetto
13 Nov 2015,Reactive Amsterdam Meetup Nov 2015,Fabio Tiriticco
13 Nov 2015,Reactive Amsterdam Meetup Nov 2015,Sjoerd Mulder
11 May 2016,Codemotion Amsterdam 2016,Jessica Rose
11 May 2016,Codemotion Amsterdam 2016,Leslie Hawthorn
11 May 2016,Codemotion Amsterdam 2016,Bruce Lawson
11 May 2016,Codemotion Amsterdam 2016,Alison Coward
11 May 2016,Codemotion Amsterdam 2016,Bert Jan Schrijver
11 May 2016,Codemotion Amsterdam 2016,Davide Casali
11 May 2016,Codemotion Amsterdam 2016,Mark Heckler
11 May 2016,Codemotion Amsterdam 2016,Fran J. Gomez
11 May 2016,Codemotion Amsterdam 2016,Michael Newton
11 May 2016,Codemotion Amsterdam 2016,Jettro Coenradie
11 May 2016,Codemotion Amsterdam 2016,Seren Davies
11 May 2016,Codemotion Amsterdam 2016,Juliette Reinders Folmer
11 May 2016,Codemotion Amsterdam 2016,Lorenzo Speranzoni
11 May 2016,Codemotion Amsterdam 2016,John Stevenson
11 May 2016,Codemotion Amsterdam 2016,Lu Yu
11 May 2016,Codemotion Amsterdam 2016,Gil Tayar
11 May 2016,Codemotion Amsterdam 2016,Matthias Endler
11 May 2016,Codemotion Amsterdam 2016,DuyHai Doan
11 May 2016,Codemotion Amsterdam 2016,Sander Hoogendoorn
11 May 2016,Codemotion Amsterdam 2016,Rosa Gutierrez
11 May 2016,Codemotion Amsterdam 2016,Bruno Bossola
11 May 2016,Codemotion Amsterdam 2016,Eduard Tomàs
11 May 2016,Codemotion Amsterdam 2016,Luigi Dell'Aquila
11 May 2016,Codemotion Amsterdam 2016,Javier Ramirez
11 May 2016,Codemotion Amsterdam 2016,Jose Manuel Ortega Candel
11 May 2016,Codemotion Amsterdam 2016,Daniel Khan
11 May 2016,Codemotion Amsterdam 2016,Pedro Piñera Buendía
11 May 2016,Codemotion Amsterdam 2016,Peter Chittum
11 May 2016,Codemotion Amsterdam 2016,Matthew Revell
11 May 2016,Codemotion Amsterdam 2016,Philipp Krenn
11 May 2016,Codemotion Amsterdam 2016,Steve Smith
11 May 2016,Codemotion Amsterdam 2016,Phil Nash
11 May 2016,Codemotion Amsterdam 2016,Nicolas Garnier
11 May 2016,Codemotion Amsterdam 2016,Tudor Girba
11 May 2016,Codemotion Amsterdam 2016,Frederic Lavigne
11 May 2016,Codemotion Amsterdam 2016,Pavithra Kodmad
11 May 2016,Codemotion Amsterdam 2016,Fabio Alessandro Locati
11 May 2016,Codemotion Amsterdam 2016,Kfir Bloch
11 May 2016,Codemotion Amsterdam 2016,Tugdual Grall
11 May 2016,Codemotion Amsterdam 2016,Fabio Tiriticco
11 May 2016,Codemotion Amsterdam 2016,Christoph Reinartz
11 May 2016,Codemotion Amsterdam 2016,Boris Dinkevich
11 May 2016,Codemotion Amsterdam 2016,Linda van der Pal
11 May 2016,Codemotion Amsterdam 2016,Nicola Paolucci
11 May 2016,Codemotion Amsterdam 2016,Luca Maraschi
11 May 2016,Codemotion Amsterdam 2016,Renato Cavalcanti
11 May 2016,Codemotion Amsterdam 2016,Andreas Nauerz
11 May 2016,Codemotion Amsterdam 2016,David Clements
11 May 2016,Codemotion Amsterdam 2016,Nir Kaufman
11 May 2016,Codemotion Amsterdam 2016,Avinash Changa
11 May 2016,Codemotion Amsterdam 2016,Bodhi Donselaar
11 May 2016,Codemotion Amsterdam 2016,Glenn ten Cate
11 May 2016,Codemotion Amsterdam 2016,Marcel Panse
11 May 2016,Codemotion Amsterdam 2016,Andrea Pompili
11 May 2016,Codemotion Amsterdam 2016,Wouter Groenewold
11 May 2016,Codemotion Amsterdam 2016,Matteo Collina
11 May 2016,Codemotion Amsterdam 2016,Maria Arvidsson
11 May 2016,Codemotion Amsterdam 2016,Adriaan Rijkens
23 Aug 2016,Dutch Android User Group Aug 2016,Fabio Tiriticco
23 Aug 2016,Dutch Android User Group Aug 2016,Maxim Volgin
23 Aug 2016,Dutch Android User Group Aug 2016,Vitaliy Zasadnyy
23 Aug 2016,Dutch Android User Group Aug 2016,Ken Van Hoeylandt
11 Apr 2017,Reactive Amsterdam Meetup Apr 2017,Fabio Tiriticco
11 Apr 2017,Reactive Amsterdam Meetup Apr 2017,Abe Garcia
16 May 2017,Codemotion Amsterdam 2017,Mike Lee
16 May 2017,Codemotion Amsterdam 2017,Terri Burns
16 May 2017,Codemotion Amsterdam 2017,Nathan Marz
16 May 2017,Codemotion Amsterdam 2017,Russ Olsen
16 May 2017,Codemotion Amsterdam 2017,Ben Gidley
16 May 2017,Codemotion Amsterdam 2017,Tim Charman
16 May 2017,Codemotion Amsterdam 2017,Alexandra Leisse
16 May 2017,Codemotion Amsterdam 2017,PJ Hagerty
16 May 2017,Codemotion Amsterdam 2017,Stephanie Nemeth
16 May 2017,Codemotion Amsterdam 2017,Dustin Whittle
16 May 2017,Codemotion Amsterdam 2017,Hendrik Blokhuis
16 May 2017,Codemotion Amsterdam 2017,Vincent Kok
16 May 2017,Codemotion Amsterdam 2017,Mete Atamel
16 May 2017,Codemotion Amsterdam 2017,Alexandra Marin
16 May 2017,Codemotion Amsterdam 2017,Stève Sfartz
16 May 2017,Codemotion Amsterdam 2017,Dirk-Jan Uittenbogaard
16 May 2017,Codemotion Amsterdam 2017,James Thomas
16 May 2017,Codemotion Amsterdam 2017,Anne Currie
16 May 2017,Codemotion Amsterdam 2017,Greg Bulmash
16 May 2017,Codemotion Amsterdam 2017,Aisha Sie
16 May 2017,Codemotion Amsterdam 2017,Luca Relandini
16 May 2017,Codemotion Amsterdam 2017,Simon Bennetts
16 May 2017,Codemotion Amsterdam 2017,James Weaver
16 May 2017,Codemotion Amsterdam 2017,Peter Paul van de Beek
16 May 2017,Codemotion Amsterdam 2017,Ali King
16 May 2017,Codemotion Amsterdam 2017,Jettro Coenradie
16 May 2017,Codemotion Amsterdam 2017,Serg Hospodarets
16 May 2017,Codemotion Amsterdam 2017,Mark Heckler
16 May 2017,Codemotion Amsterdam 2017,Paulo Lopes
16 May 2017,Codemotion Amsterdam 2017,Emilia Ciardi
16 May 2017,Codemotion Amsterdam 2017,Stefano Masini
16 May 2017,Codemotion Amsterdam 2017,Chrissy Welsh
16 May 2017,Codemotion Amsterdam 2017,Tugdual Grall
16 May 2017,Codemotion Amsterdam 2017,Fabio Tiriticco
16 May 2017,Codemotion Amsterdam 2017,Alessandro Vozza
16 May 2017,Codemotion Amsterdam 2017,Marijn van Zelst
16 May 2017,Codemotion Amsterdam 2017,Shmuela Jacobs
16 May 2017,Codemotion Amsterdam 2017,Michal Franc
16 May 2017,Codemotion Amsterdam 2017,Ola Gasidlo
16 May 2017,Codemotion Amsterdam 2017,Michiel Rook
16 May 2017,Codemotion Amsterdam 2017,Ben Straub
16 May 2017,Codemotion Amsterdam 2017,Jan-Erik Rediger
16 May 2017,Codemotion Amsterdam 2017,Phil Nash
16 May 2017,Codemotion Amsterdam 2017,Melanie Rieback
16 May 2017,Codemotion Amsterdam 2017,David Sferruzza
16 May 2017,Codemotion Amsterdam 2017,Bojan Tomic
16 May 2017,Codemotion Amsterdam 2017,John Stevenson
16 May 2017,Codemotion Amsterdam 2017,Daniël van Gils
16 May 2017,Codemotion Amsterdam 2017,Natalie Pistunovich
16 May 2017,Codemotion Amsterdam 2017,Sander van den Hoven
16 May 2017,Codemotion Amsterdam 2017,Nikolas Martens
16 May 2017,Codemotion Amsterdam 2017,Birgitta Boeckeler
16 May 2017,Codemotion Amsterdam 2017,Matteo Ronchi
16 May 2017,Codemotion Amsterdam 2017,Michele Orselli
16 May 2017,Codemotion Amsterdam 2017,Mathijs Kadijk
16 May 2017,Codemotion Amsterdam 2017,Sara Vieira
16 May 2017,Codemotion Amsterdam 2017,CodeSandbox
16 May 2017,Codemotion Amsterdam 2017,Mata Haggis
16 May 2017,Codemotion Amsterdam 2017,Roel Ezendam
16 May 2017,Codemotion Amsterdam 2017,Daniel Gebler
16 May 2017,Codemotion Amsterdam 2017,Frank Folsche
16 May 2017,Codemotion Amsterdam 2017,Zan Markan
16 May 2017,Codemotion Amsterdam 2017,Pascal Serrarens
16 May 2017,Codemotion Amsterdam 2017,Piet van Dongen
16 May 2017,Codemotion Amsterdam 2017,Matteo Valoriani
16 May 2017,Codemotion Amsterdam 2017,David Wessman
16 May 2017,Codemotion Amsterdam 2017,Koen Deetman
16 May 2017,Codemotion Amsterdam 2017,Natalino Busa
16 May 2017,Codemotion Amsterdam 2017,Mattia Traverso
16 May 2017,Codemotion Amsterdam 2017,Guy Rombaut
16 May 2017,Codemotion Amsterdam 2017,Sarah Gruneisen
16 May 2017,Codemotion Amsterdam 2017,Michele Tameni
16 May 2017,Codemotion Amsterdam 2017,Sjoerd Mulder
16 May 2017,Codemotion Amsterdam 2017,Peter Hilton
16 May 2017,Codemotion Amsterdam 2017,Raymond de Wit
16 May 2017,Codemotion Amsterdam 2017,Rens van Leeuwen
16 May 2017,Codemotion Amsterdam 2017,Sjoerd Cranen
16 May 2017,Codemotion Amsterdam 2017,Whitney Williams
16 May 2017,Codemotion Amsterdam 2017,Dennis Traub
09 Apr 2018,Reactive Amsterdam meetup Apr 2018,Fabio Tiriticco
09 Apr 2018,Reactive Amsterdam meetup Apr 2018,Adam Sandor
09 Apr 2018,Reactive Amsterdam meetup Apr 2018,Roman Ivanov
17 Apr 2018,React Sphere 2018,Rory Graves
17 Apr 2018,React Sphere 2018,Jon Pretty
17 Apr 2018,React Sphere 2018,Alexandre Archambault
17 Apr 2018,React Sphere 2018,Jan Christopher Vogt
17 Apr 2018,React Sphere 2018,Sébastien Doeraene
17 Apr 2018,React Sphere 2018,Iulian Dragoș
17 Apr 2018,React Sphere 2018,Martin Duhem
17 Apr 2018,React Sphere 2018,Pavel Fatin
17 Apr 2018,React Sphere 2018,Stu Hood
17 Apr 2018,React Sphere 2018,Justin Kaeser
17 Apr 2018,React Sphere 2018,Guillaume Martres
17 Apr 2018,React Sphere 2018,Mikhail Mutcianko
17 Apr 2018,React Sphere 2018,Ólafur Páll Geirsson
17 Apr 2018,React Sphere 2018,Gabriele Petronella
17 Apr 2018,React Sphere 2018,Alexander Podkhalyuzin
17 Apr 2018,React Sphere 2018,Vladimir Polushin
17 Apr 2018,React Sphere 2018,Krzysztof Romanowski
17 Apr 2018,React Sphere 2018,Andy Scott
17 Apr 2018,React Sphere 2018,Jorge Vicente Cantero
17 Apr 2018,React Sphere 2018,Dale Wijnand
17 Apr 2018,React Sphere 2018,Eugene Yokota
17 Apr 2018,React Sphere 2018,Jamie Allen
17 Apr 2018,React Sphere 2018,Tomasz Nurkiewicz
17 Apr 2018,React Sphere 2018,Kenny Baas
17 Apr 2018,React Sphere 2018,Damien Bailly
17 Apr 2018,React Sphere 2018,Łukasz Biały
17 Apr 2018,React Sphere 2018,Rafał Bigaj
17 Apr 2018,React Sphere 2018,Stefano Bonetti
17 Apr 2018,React Sphere 2018,Maciej Ciołek
17 Apr 2018,React Sphere 2018,Yan Cui
17 Apr 2018,React Sphere 2018,Paweł Dolega
17 Apr 2018,React Sphere 2018,Steffen Gebert
17 Apr 2018,React Sphere 2018,Roman Ivanov
17 Apr 2018,React Sphere 2018,Paweł Kamiński
17 Apr 2018,React Sphere 2018,Gideon de Kok
17 Apr 2018,React Sphere 2018,Jacek Kunicki
17 Apr 2018,React Sphere 2018,Jochen Mader
17 Apr 2018,React Sphere 2018,Bartłomiej Małecki
17 Apr 2018,React Sphere 2018,Tudor Palanga
17 Apr 2018,React Sphere 2018,Jan Pustelnik
17 Apr 2018,React Sphere 2018,Jarosław Ratajski
17 Apr 2018,React Sphere 2018,Fabio Tiriticco
17 Apr 2018,React Sphere 2018,Yifan Xing
17 Apr 2018,React Sphere 2018,Marcin Zagórski
17 Apr 2018,React Sphere 2018,Anthony Stevens
17 Apr 2018,React Sphere 2018,Vladimir Alekseichenko
17 Apr 2018,React Sphere 2018,William Benton
17 Apr 2018,React Sphere 2018,Łukasz Ćmielowski
17 Apr 2018,React Sphere 2018,Maciej Dąbrowski
17 Apr 2018,React Sphere 2018,Grzegorz Gawron
17 Apr 2018,React Sphere 2018,Michał Jakóbczyk
17 Apr 2018,React Sphere 2018,Philipp Krenn
17 Apr 2018,React Sphere 2018,Marcin Kulka
17 Apr 2018,React Sphere 2018,Jacek Leśkow
17 Apr 2018,React Sphere 2018,Tomasz Lichoń
17 Apr 2018,React Sphere 2018,Olga Mierzwa-Sulima
17 Apr 2018,React Sphere 2018,Piotr Moczurad
17 Apr 2018,React Sphere 2018,Matthew Opala
17 Apr 2018,React Sphere 2018,Konrad Pabianczyk
17 Apr 2018,React Sphere 2018,Maciek Próchniak
17 Apr 2018,React Sphere 2018,Paweł Rzeszuciński
17 Apr 2018,React Sphere 2018,Nikolay Tsvetkov
17 Apr 2018,React Sphere 2018,Rui Vieira
17 Apr 2018,React Sphere 2018,Sophie Watson
17 Apr 2018,React Sphere 2018,Tomasz Wesołowski
17 Apr 2018,React Sphere 2018,Grzegorz Wyszyński
17 Apr 2018,React Sphere 2018,Bartek Antoniak
17 Apr 2018,React Sphere 2018,Paweł Prażak
17 Apr 2018,React Sphere 2018,Jerzy Głowacki
17 Apr 2018,React Sphere 2018,Mira Łużanowa
17 Apr 2018,React Sphere 2018,Mateusz Ziarko
08 May 2018,Codemotion Amsterdam 2018,Ton Roosendaal
08 May 2018,Codemotion Amsterdam 2018,Daniel Gebler
08 May 2018,Codemotion Amsterdam 2018,Sally Goble
08 May 2018,Codemotion Amsterdam 2018,Avinash Changa
08 May 2018,Codemotion Amsterdam 2018,James Ferguson
08 May 2018,Codemotion Amsterdam 2018,Duana Stanley
08 May 2018,Codemotion Amsterdam 2018,Melanie Rieback
08 May 2018,Codemotion Amsterdam 2018,Marco Balduzzi
08 May 2018,Codemotion Amsterdam 2018,Jenny Shen
08 May 2018,Codemotion Amsterdam 2018,Jörg Schad
08 May 2018,Codemotion Amsterdam 2018,Cristiano Rastelli
08 May 2018,Codemotion Amsterdam 2018,Juliette Reinders Folmer
08 May 2018,Codemotion Amsterdam 2018,Alessandro (cirpo) Cinelli
08 May 2018,Codemotion Amsterdam 2018,Nadia Udalova
08 May 2018,Codemotion Amsterdam 2018,Erik Wendel
08 May 2018,Codemotion Amsterdam 2018,Janko Isidorovic
08 May 2018,Codemotion Amsterdam 2018,Jason Yee
08 May 2018,Codemotion Amsterdam 2018,Alexander Meijers
08 May 2018,Codemotion Amsterdam 2018,Sasha Romijn
08 May 2018,Codemotion Amsterdam 2018,Kai Waehner
08 May 2018,Codemotion Amsterdam 2018,Mike Chernev
08 May 2018,Codemotion Amsterdam 2018,Dave Lewis
08 May 2018,Codemotion Amsterdam 2018,Sander Hoogendoorn
08 May 2018,Codemotion Amsterdam 2018,Amy Dickens
08 May 2018,Codemotion Amsterdam 2018,Nick Balestra
08 May 2018,Codemotion Amsterdam 2018,Erik Veld
08 May 2018,Codemotion Amsterdam 2018,Brian Holt
08 May 2018,Codemotion Amsterdam 2018,Gerbert Kaandorp
08 May 2018,Codemotion Amsterdam 2018,David Pilato
08 May 2018,Codemotion Amsterdam 2018,Dennis Traub
08 May 2018,Codemotion Amsterdam 2018,Ivo Domburg
08 May 2018,Codemotion Amsterdam 2018,Bernd Rücker
08 May 2018,Codemotion Amsterdam 2018,Rik Matena
08 May 2018,Codemotion Amsterdam 2018,Reinhard Nägele
08 May 2018,Codemotion Amsterdam 2018,Nick Tune
08 May 2018,Codemotion Amsterdam 2018,Annarita De Biase
08 May 2018,Codemotion Amsterdam 2018,Andrea Camillacci
08 May 2018,Codemotion Amsterdam 2018,Arjan Gelderblom
08 May 2018,Codemotion Amsterdam 2018,Carsten Sandtner
08 May 2018,Codemotion Amsterdam 2018,James Thomas
08 May 2018,Codemotion Amsterdam 2018,Pavel Vlasov
08 May 2018,Codemotion Amsterdam 2018,Kenny Baas
08 May 2018,Codemotion Amsterdam 2018,Ivan Kamakin
08 May 2018,Codemotion Amsterdam 2018,Mark Beylin
08 May 2018,Codemotion Amsterdam 2018,Danilo Poccia
08 May 2018,Codemotion Amsterdam 2018,Sebastian Porsdam Mann
08 May 2018,Codemotion Amsterdam 2018,Wilder Rodrigues
08 May 2018,Codemotion Amsterdam 2018,Jettro Coenradie
08 May 2018,Codemotion Amsterdam 2018,Roy Wasse
08 May 2018,Codemotion Amsterdam 2018,Alessandro Confetti
08 May 2018,Codemotion Amsterdam 2018,Cristiano Betta
08 May 2018,Codemotion Amsterdam 2018,Dennis Nerush
08 May 2018,Codemotion Amsterdam 2018,Stefano Zanero
08 May 2018,Codemotion Amsterdam 2018,Roberto Clapis
08 May 2018,Codemotion Amsterdam 2018,Mata Haggis
08 May 2018,Codemotion Amsterdam 2018,Vladik Khononov
08 May 2018,Codemotion Amsterdam 2018,Armagan Amcalar
08 May 2018,Codemotion Amsterdam 2018,Haischel Dabian
08 May 2018,Codemotion Amsterdam 2018,Glynn Bird
08 May 2018,Codemotion Amsterdam 2018,Mete Atamel
08 May 2018,Codemotion Amsterdam 2018,Eyal Eizenberg
08 May 2018,Codemotion Amsterdam 2018,Lars Gregori
08 May 2018,Codemotion Amsterdam 2018,Johan Janssen
08 May 2018,Codemotion Amsterdam 2018,Matthew Gilliard
08 May 2018,Codemotion Amsterdam 2018,Erik Hooijmeijer
08 May 2018,Codemotion Amsterdam 2018,Jim van der Waal
08 May 2018,Codemotion Amsterdam 2018,Paulo Lopes
08 May 2018,Codemotion Amsterdam 2018,Roel Ezendam
08 May 2018,Codemotion Amsterdam 2018,Qa'id Jacobs
08 May 2018,Codemotion Amsterdam 2018,Rehan Syed
08 May 2018,Codemotion Amsterdam 2018,Edwin Derks
08 May 2018,Codemotion Amsterdam 2018,Aspasia Beneti
08 May 2018,Codemotion Amsterdam 2018,Kim van Wilgen
08 May 2018,Codemotion Amsterdam 2018,Martijn Gijsberti Hodenpijl
08 May 2018,Codemotion Amsterdam 2018,Johan Stokking
08 May 2018,Codemotion Amsterdam 2018,Mikhail Shilkov
08 May 2018,Codemotion Amsterdam 2018,Alessandro Vozza
08 May 2018,Codemotion Amsterdam 2018,Martin Förtsch
08 May 2018,Codemotion Amsterdam 2018,Thomas Endres
08 May 2018,Codemotion Amsterdam 2018,Giuseppe D'alessio
08 May 2018,Codemotion Amsterdam 2018,Felix Koeslag
08 May 2018,Codemotion Amsterdam 2018,Pascal Wolkotte
08 May 2018,Codemotion Amsterdam 2018,Dave Russell
08 May 2018,Codemotion Amsterdam 2018,Jhon Masschelein
08 May 2018,Codemotion Amsterdam 2018,Evan Tedeschi
08 May 2018,Codemotion Amsterdam 2018,Thiago de Faria
08 May 2018,Codemotion Amsterdam 2018,Tom Davies
08 May 2018,Codemotion Amsterdam 2018,Vallard Benincosa
08 May 2018,Codemotion Amsterdam 2018,Bruno Bossola
08 May 2018,Codemotion Amsterdam 2018,Kelly Waters
08 May 2018,Codemotion Amsterdam 2018,Lian Li
08 May 2018,Codemotion Amsterdam 2018,Chris Lennon
08 May 2018,Codemotion Amsterdam 2018,Fabio Tiriticco
08 May 2018,Codemotion Amsterdam 2018,Vladimir Dejanovic
08 May 2018,Codemotion Amsterdam 2018,Carlos Leon
08 May 2018,Codemotion Amsterdam 2018,Sara Gerion
08 May 2018,Codemotion Amsterdam 2018,Bert Jan Schrijver
08 May 2018,Codemotion Amsterdam 2018,Alex Williams
25 May 2018,J On The Beach,Amy Nguyen
25 May 2018,J On The Beach,Asha Karim
25 May 2018,J On The Beach,Bridget McErlean
25 May 2018,J On The Beach,Cassandra Leung
25 May 2018,J On The Beach,Don Syme
25 May 2018,J On The Beach,Eline Brandt
25 May 2018,J On The Beach,Hadi Hariri
25 May 2018,J On The Beach,Holden Karau
25 May 2018,J On The Beach,Isabel Cabezas
25 May 2018,J On The Beach,Ivan Krylov
25 May 2018,J On The Beach,Janna Brummel
25 May 2018,J On The Beach,Joe Armstrong
25 May 2018,J On The Beach,Jonas Boner
25 May 2018,J On The Beach,Juliet Moreiro Bockhop
25 May 2018,J On The Beach,Mario Fusco
25 May 2018,J On The Beach,Martin Thompson
25 May 2018,J On The Beach,Martin Kleppmann
25 May 2018,J On The Beach,Mitchell Hashimoto
25 May 2018,J On The Beach,Lonneke Dikmans
25 May 2018,J On The Beach,Liz Rice
25 May 2018,J On The Beach,Rebecca Taft
25 May 2018,J On The Beach,Robin van Zijll
25 May 2018,J On The Beach,Roland Kuhn
25 May 2018,J On The Beach,Sergey Bykov
25 May 2018,J On The Beach,Vinicius Senger
25 May 2018,J On The Beach,Venkat Subramaniam
25 May 2018,J On The Beach,Julio Faerman
25 May 2018,J On The Beach,John Feminella
25 May 2018,J On The Beach,Vlad Mihalcea
25 May 2018,J On The Beach,Markus Tacker
25 May 2018,J On The Beach,Maria Gómez
25 May 2018,J On The Beach,Fabio Tiriticco
25 May 2018,J On The Beach,Zoltán Lehóczky
25 May 2018,J On The Beach,Kinnary Jangla
25 May 2018,J On The Beach,Max Novelli
25 May 2018,J On The Beach,Javier Ramirez Molina
25 May 2018,J On The Beach,Patrick Di Loreto
25 May 2018,J On The Beach,Jose Escanciano
25 May 2018,J On The Beach,Shagufta Gurmukhdas
25 May 2018,J On The Beach,Benedek Farkas
25 May 2018,J On The Beach,Luis Estrada
25 May 2018,J On The Beach,Juan Carlos Ruiz Rico
25 May 2018,J On The Beach,Ewout Prangsma
25 May 2018,J On The Beach,Alvaro Santamaria
25 May 2018,J On The Beach,Joel Brunger
25 May 2018,J On The Beach,Javier de la Torre Medina
21 Aug 2018,Software Circus meetup Aug 2018,Fabio Tiriticco
21 Aug 2018,Software Circus meetup Aug 2018,Adam Sandor
21 Aug 2018,Software Circus meetup Aug 2018,Joost Heijkoop
14 Sep 2018,Scala Italy 2018,Daniela Sfregola
14 Sep 2018,Scala Italy 2018,Fabio Labella
14 Sep 2018,Scala Italy 2018,Fabio Tiriticco
14 Sep 2018,Scala Italy 2018,Johan Andrén
14 Sep 2018,Scala Italy 2018,Lars Hupel
14 Sep 2018,Scala Italy 2018,Marcin Rzeźnicki
14 Sep 2018,Scala Italy 2018,Miles Sabin
14 Sep 2018,Scala Italy 2018,Mirco Dotta
14 Sep 2018,Scala Italy 2018,Nick Jones
14 Sep 2018,Scala Italy 2018,S.Veltri
14 Sep 2018,Scala Italy 2018,Luka Jacobowitz
14 Sep 2018,Scala Italy 2018,Andrea Peruffo
14 Sep 2018,Scala Italy 2018,Viktor Klang
14 Sep 2018,Scala Italy 2018,Heater Miller
14 Sep 2018,Scala Italy 2018,P.Mascetti
22 Oct 2018,Reactive Summit 2018,Adam Storm
22 Oct 2018,Reactive Summit 2018,Ahmad Rana
22 Oct 2018,Reactive Summit 2018,Ana Medina
22 Oct 2018,Reactive Summit 2018,Andrew Bonham
22 Oct 2018,Reactive Summit 2018,Anson Kokkat
22 Oct 2018,Reactive Summit 2018,Apurva Pawar
22 Oct 2018,Reactive Summit 2018,Boris Lublinsky
22 Oct 2018,Reactive Summit 2018,Charles Adetiloye
22 Oct 2018,Reactive Summit 2018,Charly Bechara
22 Oct 2018,Reactive Summit 2018,Colin Breck
22 Oct 2018,Reactive Summit 2018,Craig Blitz
22 Oct 2018,Reactive Summit 2018,Dana Harrington
22 Oct 2018,Reactive Summit 2018,Daniel Pugliese
22 Oct 2018,Reactive Summit 2018,Dean Wampler
22 Oct 2018,Reactive Summit 2018,Dennis Bronnikov
22 Oct 2018,Reactive Summit 2018,Duncan DeVore
22 Oct 2018,Reactive Summit 2018,Edward Hsu
22 Oct 2018,Reactive Summit 2018,Enno Runne
22 Oct 2018,Reactive Summit 2018,Eric Loots
22 Oct 2018,Reactive Summit 2018,Evan Chan
22 Oct 2018,Reactive Summit 2018,Fabio Tiriticco
22 Oct 2018,Reactive Summit 2018,Francis Toth
22 Oct 2018,Reactive Summit 2018,George Lo
22 Oct 2018,Reactive Summit 2018,Gerard Maas
22 Oct 2018,Reactive Summit 2018,Heidi Howard
22 Oct 2018,Reactive Summit 2018,Hugh McKee
22 Oct 2018,Reactive Summit 2018,Jamie Allen
22 Oct 2018,Reactive Summit 2018,Jan Machacek
22 Oct 2018,Reactive Summit 2018,Jane Liu
22 Oct 2018,Reactive Summit 2018,Jeffrey Sewell
22 Oct 2018,Reactive Summit 2018,Jonny Catlett
22 Oct 2018,Reactive Summit 2018,Julien Ponge
22 Oct 2018,Reactive Summit 2018,Kevin Webber
22 Oct 2018,Reactive Summit 2018,Kiki Carter
22 Oct 2018,Reactive Summit 2018,Konrad Kamiński
22 Oct 2018,Reactive Summit 2018,Lilit Yenokyan
22 Oct 2018,Reactive Summit 2018,Loic R Julien
22 Oct 2018,Reactive Summit 2018,Manuel Bernhardt
22 Oct 2018,Reactive Summit 2018,Matthew Squire
22 Oct 2018,Reactive Summit 2018,Michael Zeltser
22 Oct 2018,Reactive Summit 2018,Mike Kelland
22 Oct 2018,Reactive Summit 2018,Mona Eldam
22 Oct 2018,Reactive Summit 2018,Naomi Davidson
22 Oct 2018,Reactive Summit 2018,Natalia Zelenskaya
22 Oct 2018,Reactive Summit 2018,Patrick Altaie
22 Oct 2018,Reactive Summit 2018,Pei-Chiang Ma
22 Oct 2018,Reactive Summit 2018,Randy Shoup
22 Oct 2018,Reactive Summit 2018,Reid Spencer
22 Oct 2018,Reactive Summit 2018,Renato Cavalcanti
22 Oct 2018,Reactive Summit 2018,Ryland Degnan
22 Oct 2018,Reactive Summit 2018,Sairam Tadigadapa
22 Oct 2018,Reactive Summit 2018,Saloni Vithalani
22 Oct 2018,Reactive Summit 2018,Sean Glover
22 Oct 2018,Reactive Summit 2018,Sergey Bykov
22 Oct 2018,Reactive Summit 2018,Simon Kissler
22 Oct 2018,Reactive Summit 2018,Steven Astorino
22 Oct 2018,Reactive Summit 2018,Sushila Sahay
22 Oct 2018,Reactive Summit 2018,Tara Hernandez
22 Oct 2018,Reactive Summit 2018,Thiaga Manian
22 Oct 2018,Reactive Summit 2018,Thomas Segismont
22 Oct 2018,Reactive Summit 2018,Timo Mechler
22 Oct 2018,Reactive Summit 2018,Unmesh Joshi
22 Oct 2018,Reactive Summit 2018,Vikas Hazrati
22 Oct 2018,Reactive Summit 2018,Adam Sandor
29 Oct 2018,O'Reilly SA Conference,Sarah Wells
29 Oct 2018,O'Reilly SA Conference,Liz Rice
29 Oct 2018,O'Reilly SA Conference,Chris Richardson
29 Oct 2018,O'Reilly SA Conference,Stefan Tilkov
29 Oct 2018,O'Reilly SA Conference,Mike Roberts
29 Oct 2018,O'Reilly SA Conference,Trisha Gee
29 Oct 2018,O'Reilly SA Conference,Andrea Dobson-Kock
29 Oct 2018,O'Reilly SA Conference,Stefan Judis
29 Oct 2018,O'Reilly SA Conference,Jim Gough
29 Oct 2018,O'Reilly SA Conference,Eben Hewitt
29 Oct 2018,O'Reilly SA Conference,Kishau Rogers
29 Oct 2018,O'Reilly SA Conference,Maggie Carroll
29 Oct 2018,O'Reilly SA Conference,Michael Van Kleeck
29 Oct 2018,O'Reilly SA Conference,Benjamin Stopford
29 Oct 2018,O'Reilly SA Conference,Irakli Nadareishvili
29 Oct 2018,O'Reilly SA Conference,Angelo Agatino Nicolosi
29 Oct 2018,O'Reilly SA Conference,David Buckhurst
29 Oct 2018,O'Reilly SA Conference,Ross Wilson
29 Oct 2018,O'Reilly SA Conference,Heidi Waterhouse
29 Oct 2018,O'Reilly SA Conference,Brad Topol
29 Oct 2018,O'Reilly SA Conference,Cornelia Davis
29 Oct 2018,O'Reilly SA Conference,Maria Gomez
29 Oct 2018,O'Reilly SA Conference,Fahran Wallace
29 Oct 2018,O'Reilly SA Conference,Marco Palladino
29 Oct 2018,O'Reilly SA Conference,Rob Wilson
29 Oct 2018,O'Reilly SA Conference,Dennis Bijlsma
29 Oct 2018,O'Reilly SA Conference,Haiyun Xu
29 Oct 2018,O'Reilly SA Conference,Mike Amundsen
29 Oct 2018,O'Reilly SA Conference,Allard Buijze
29 Oct 2018,O'Reilly SA Conference,Nakul Mishra
29 Oct 2018,O'Reilly SA Conference,Yiannis Kanellopoulos
29 Oct 2018,O'Reilly SA Conference,Evelyn van Kelle
29 Oct 2018,O'Reilly SA Conference,Leemay Nassery
29 Oct 2018,O'Reilly SA Conference,Nathaniel Schutta
29 Oct 2018,O'Reilly SA Conference,Dan Haywood
29 Oct 2018,O'Reilly SA Conference,Allen Holub
29 Oct 2018,O'Reilly SA Conference,Sarah LeBlanc
29 Oct 2018,O'Reilly SA Conference,Hany Elemary
29 Oct 2018,O'Reilly SA Conference,Szymon Pobiega
29 Oct 2018,O'Reilly SA Conference,Vladik Khononov
29 Oct 2018,O'Reilly SA Conference,Yaniv Aknin
29 Oct 2018,O'Reilly SA Conference,Luca Mezzalira
29 Oct 2018,O'Reilly SA Conference,Mario-Leander Reimer
29 Oct 2018,O'Reilly SA Conference,Neal Ford
29 Oct 2018,O'Reilly SA Conference,Adam Sandor
29 Oct 2018,O'Reilly SA Conference,Fabio Tiriticco
29 Oct 2018,O'Reilly SA Conference,Erik Wilde
29 Oct 2018,O'Reilly SA Conference,Wenbo Zhu
29 Oct 2018,O'Reilly SA Conference,Bernd Rücker
29 Oct 2018,O'Reilly SA Conference,Tyler Treat
29 Oct 2018,O'Reilly SA Conference,Pratik Patel
29 Oct 2018,O'Reilly SA Conference,Nikhil Barthwal
29 Oct 2018,O'Reilly SA Conference,Asher Sterkin
29 Oct 2018,O'Reilly SA Conference,Michael Garski
29 Oct 2018,O'Reilly SA Conference,Yan Cui
29 Oct 2018,O'Reilly SA Conference,Bulama Yusuf
29 Oct 2018,O'Reilly SA Conference,Mlungisi Duma
29 Oct 2018,O'Reilly SA Conference,Jochem Schulenklopper
29 Oct 2018,O'Reilly SA Conference,Rotem Hermon
29 Oct 2018,O'Reilly SA Conference,Holly Cummins
29 Oct 2018,O'Reilly SA Conference,Ashley Ward
29 Oct 2018,O'Reilly SA Conference,Tobias Uldall-Espersen
29 Oct 2018,O'Reilly SA Conference,Thomas Krogsgaard Holme
29 Oct 2018,O'Reilly SA Conference,Mike Amundsen
29 Oct 2018,O'Reilly SA Conference,John Chapin
29 Oct 2018,O'Reilly SA Conference,Marco Emrich
29 Oct 2018,O'Reilly SA Conference,Seth Dobbs
29 Oct 2018,O'Reilly SA Conference,Nick Tune
29 Oct 2018,O'Reilly SA Conference,Zsofia Herendi
29 Oct 2018,O'Reilly SA Conference,Tom Hofte
29 Oct 2018,O'Reilly SA Conference,Marco van der Linden
14 Nov 2018,ITNEXT Summit 2018,Adam Sandor
14 Nov 2018,ITNEXT Summit 2018,Alessandro Vozza
14 Nov 2018,ITNEXT Summit 2018,Andrei Chernyshev
14 Nov 2018,ITNEXT Summit 2018,Dennis Hills
14 Nov 2018,ITNEXT Summit 2018,Domenico Gemoli
14 Nov 2018,ITNEXT Summit 2018,Fabio Tiriticco
14 Nov 2018,ITNEXT Summit 2018,Giuseppe Maggiore
14 Nov 2018,ITNEXT Summit 2018,Henry Been
14 Nov 2018,ITNEXT Summit 2018,James Allardice
14 Nov 2018,ITNEXT Summit 2018,Marc Cohen
14 Nov 2018,ITNEXT Summit 2018,Martijn Doedens
14 Nov 2018,ITNEXT Summit 2018,Matt Jarvis
14 Nov 2018,ITNEXT Summit 2018,Matteo Collina
14 Nov 2018,ITNEXT Summit 2018,Nicole Forsgren
14 Nov 2018,ITNEXT Summit 2018,Onder Ceylan
14 Nov 2018,ITNEXT Summit 2018,Remco Dekkinga
20 Nov 2018,Codemotion Berlin 2018,Daniel Gebler
20 Nov 2018,Codemotion Berlin 2018,Ashi Krishnan
20 Nov 2018,Codemotion Berlin 2018,Christian Heilmann
20 Nov 2018,Codemotion Berlin 2018,Tara Ojo
20 Nov 2018,Codemotion Berlin 2018,Mat Ryer
20 Nov 2018,Codemotion Berlin 2018,Sasha Romijn
20 Nov 2018,Codemotion Berlin 2018,Cristiano Rastelli
20 Nov 2018,Codemotion Berlin 2018,Eli Schütze Ramírez
20 Nov 2018,Codemotion Berlin 2018,Paul Adams
20 Nov 2018,Codemotion Berlin 2018,Michelle Garrett
20 Nov 2018,Codemotion Berlin 2018,Jason Yee
20 Nov 2018,Codemotion Berlin 2018,Dora Militaru
20 Nov 2018,Codemotion Berlin 2018,Alessandro (cirpo) Cinelli
20 Nov 2018,Codemotion Berlin 2018,Ellen König
20 Nov 2018,Codemotion Berlin 2018,Kai Waehner
20 Nov 2018,Codemotion Berlin 2018,Omosola Odetunde
20 Nov 2018,Codemotion Berlin 2018,Sebastian Schmidt
20 Nov 2018,Codemotion Berlin 2018,Adi Polak
20 Nov 2018,Codemotion Berlin 2018,Willian Martins
20 Nov 2018,Codemotion Berlin 2018,Sonja Heinen
20 Nov 2018,Codemotion Berlin 2018,Thijs Feryn
20 Nov 2018,Codemotion Berlin 2018,Stève Sfartz
20 Nov 2018,Codemotion Berlin 2018,Raffaella Isidori
20 Nov 2018,Codemotion Berlin 2018,Alessandro Confetti
20 Nov 2018,Codemotion Berlin 2018,Faisal Abid
20 Nov 2018,Codemotion Berlin 2018,Matteo Hertel
20 Nov 2018,Codemotion Berlin 2018,Alex Fernández
20 Nov 2018,Codemotion Berlin 2018,Bernd Ruecker
20 Nov 2018,Codemotion Berlin 2018,David Steiman
20 Nov 2018,Codemotion Berlin 2018,Björn Rabenstein
20 Nov 2018,Codemotion Berlin 2018,Luciano Resende
20 Nov 2018,Codemotion Berlin 2018,Jay Tholen
20 Nov 2018,Codemotion Berlin 2018,Bruce Lawson
20 Nov 2018,Codemotion Berlin 2018,Yan Cui
20 Nov 2018,Codemotion Berlin 2018,Armagan Amcalar
20 Nov 2018,Codemotion Berlin 2018,Thiago de Faria
20 Nov 2018,Codemotion Berlin 2018,Danilo Poccia
20 Nov 2018,Codemotion Berlin 2018,Mark Bate
20 Nov 2018,Codemotion Berlin 2018,Rachel Myers
20 Nov 2018,Codemotion Berlin 2018,Dave Lewis
20 Nov 2018,Codemotion Berlin 2018,Nandini Chauhan
20 Nov 2018,Codemotion Berlin 2018,Daniele Esposti
20 Nov 2018,Codemotion Berlin 2018,Agnieszka Walorska
20 Nov 2018,Codemotion Berlin 2018,James Thomas
20 Nov 2018,Codemotion Berlin 2018,Paolo D'Incau
20 Nov 2018,Codemotion Berlin 2018,Ádám Sándor
20 Nov 2018,Codemotion Berlin 2018,Pietro Di Bello
20 Nov 2018,Codemotion Berlin 2018,Alain Regnier
20 Nov 2018,Codemotion Berlin 2018,Pim Stolk
20 Nov 2018,Codemotion Berlin 2018,Em Lazer-Walker
20 Nov 2018,Codemotion Berlin 2018,Jörg Schad
20 Nov 2018,Codemotion Berlin 2018,Johanna Janiszewski
20 Nov 2018,Codemotion Berlin 2018,Fabio Tiriticco
20 Nov 2018,Codemotion Berlin 2018,Ilona Demidenko
20 Nov 2018,Codemotion Berlin 2018,Max Gallo
20 Nov 2018,Codemotion Berlin 2018,Jan St?pie?
20 Nov 2018,Codemotion Berlin 2018,Sebastian Porsdam Mann
20 Nov 2018,Codemotion Berlin 2018,Max Körbächer
20 Nov 2018,Codemotion Berlin 2018,Jerome de Tychey
20 Nov 2018,Codemotion Berlin 2018,Adam Streck
20 Nov 2018,Codemotion Berlin 2018,Giovanni Asproni
20 Nov 2018,Codemotion Berlin 2018,Maximilian Schmid
24 Nov 2018,Google CloudFest 2018,Fabio Tiriticco
24 Nov 2018,Google CloudFest 2018,Victor Sonck
24 Nov 2018,Google CloudFest 2018,Stefan Hogendoorn
24 Nov 2018,Google CloudFest 2018,Constantijn Visinescu
24 Nov 2018,Google CloudFest 2018,Joop Snijder
24 Nov 2018,Google CloudFest 2018,Willem Meints
24 Nov 2018,Google CloudFest 2018,Adam Sandor
24 Nov 2018,Google CloudFest 2018,Vincen D Warmerdam
24 Nov 2018,Google CloudFest 2018,Sendil Kumarn
24 Nov 2018,Google CloudFest 2018,Arno Zwaag
24 Nov 2018,Google CloudFest 2018,Erik Veld
24 Nov 2018,Google CloudFest 2018,Marco Maccio
28 Nov 2018,DevJam meetup Nov 2018,Fabio Tiriticco
28 Nov 2018,DevJam meetup Nov 2018,Valentine Nesterov
22 Mar 2019,Codemotion Rome 2019,Venkat Subramaniam
22 Mar 2019,Codemotion Rome 2019,Cornelia Davis
22 Mar 2019,Codemotion Rome 2019,Rasmus Lerdorf
22 Mar 2019,Codemotion Rome 2019,Alessandro (cirpo) Cinelli
22 Mar 2019,Codemotion Rome 2019,Sander Hoogendoorn
22 Mar 2019,Codemotion Rome 2019,Najla Said
22 Mar 2019,Codemotion Rome 2019,Salvatore D'Alò
22 Mar 2019,Codemotion Rome 2019,Giovanni Galloro
22 Mar 2019,Codemotion Rome 2019,Jo Franchetti
22 Mar 2019,Codemotion Rome 2019,Danny Banks
22 Mar 2019,Codemotion Rome 2019,Claus Ibsen
22 Mar 2019,Codemotion Rome 2019,Alfredo Morresi
22 Mar 2019,Codemotion Rome 2019,Sara Michelazzo
22 Mar 2019,Codemotion Rome 2019,Gianluca Varisco
22 Mar 2019,Codemotion Rome 2019,Azzurra Ragone
22 Mar 2019,Codemotion Rome 2019,Mike Chernev
22 Mar 2019,Codemotion Rome 2019,Jarek Ratajski
22 Mar 2019,Codemotion Rome 2019,Andrea Cosentino
22 Mar 2019,Codemotion Rome 2019,Horacio Gonzalez
22 Mar 2019,Codemotion Rome 2019,Katie Koschland
22 Mar 2019,Codemotion Rome 2019,Mercedes Wyss
22 Mar 2019,Codemotion Rome 2019,Nikhil Barthwal
22 Mar 2019,Codemotion Rome 2019,Bermon Painter
22 Mar 2019,Codemotion Rome 2019,Tianyu Pu
22 Mar 2019,Codemotion Rome 2019,Ofir Dagan
22 Mar 2019,Codemotion Rome 2019,Massimo Bonanni
22 Mar 2019,Codemotion Rome 2019,Sangsoo Nam
22 Mar 2019,Codemotion Rome 2019,Sander Mak
22 Mar 2019,Codemotion Rome 2019,Omosola Odetunde
22 Mar 2019,Codemotion Rome 2019,Aaron Schlesinger
22 Mar 2019,Codemotion Rome 2019,John Mumm
22 Mar 2019,Codemotion Rome 2019,Moran Weber
22 Mar 2019,Codemotion Rome 2019,Nicola Ferraro
22 Mar 2019,Codemotion Rome 2019,Martin Musiol
22 Mar 2019,Codemotion Rome 2019,Kim van Wilgen
22 Mar 2019,Codemotion Rome 2019,Alberto Massidda
22 Mar 2019,Codemotion Rome 2019,Javier Lasa
22 Mar 2019,Codemotion Rome 2019,Luca Cipriani
22 Mar 2019,Codemotion Rome 2019,Max Gallo
22 Mar 2019,Codemotion Rome 2019,Netta Doron
22 Mar 2019,Codemotion Rome 2019,Thiago de Faria
22 Mar 2019,Codemotion Rome 2019,Alessandro Vozza
22 Mar 2019,Codemotion Rome 2019,Dr. Aygul Zagidullina
22 Mar 2019,Codemotion Rome 2019,Alberto Forni
22 Mar 2019,Codemotion Rome 2019,Giovanni Mellini
22 Mar 2019,Codemotion Rome 2019,Rossella De Gaetano
22 Mar 2019,Codemotion Rome 2019,Ivan Jovanovic
22 Mar 2019,Codemotion Rome 2019,Gabriele Petronella
22 Mar 2019,Codemotion Rome 2019,Fabio Biondi
22 Mar 2019,Codemotion Rome 2019,Jason Yee
22 Mar 2019,Codemotion Rome 2019,Annarita De Biase
22 Mar 2019,Codemotion Rome 2019,Luca Mascaro
22 Mar 2019,Codemotion Rome 2019,Andy Davies
22 Mar 2019,Codemotion Rome 2019,Salvatore Incandela
22 Mar 2019,Codemotion Rome 2019,Luciano Mammino
22 Mar 2019,Codemotion Rome 2019,Alessandra Petromilli
22 Mar 2019,Codemotion Rome 2019,Jiayi Hu
22 Mar 2019,Codemotion Rome 2019,Alex Fernández
22 Mar 2019,Codemotion Rome 2019,Angela Distratis
22 Mar 2019,Codemotion Rome 2019,Ádám Sándor
22 Mar 2019,Codemotion Rome 2019,Fabio Tiriticco
22 Mar 2019,Codemotion Rome 2019,Deepu K Sasidharan
22 Mar 2019,Codemotion Rome 2019,Antonio Mallia
22 Mar 2019,Codemotion Rome 2019,Miro Barsocchi
22 Mar 2019,Codemotion Rome 2019,Daiany Palacios
22 Mar 2019,Codemotion Rome 2019,David Melendez
22 Mar 2019,Codemotion Rome 2019,Mary Grygleski
22 Mar 2019,Codemotion Rome 2019,Luciano Murruni
22 Mar 2019,Codemotion Rome 2019,Giacomo Zinetti
22 Mar 2019,Codemotion Rome 2019,Steven Goodwin
22 Mar 2019,Codemotion Rome 2019,Debbie Levitt
22 Mar 2019,Codemotion Rome 2019,Tomas Della Vedova
22 Mar 2019,Codemotion Rome 2019,João Rosa
22 Mar 2019,Codemotion Rome 2019,Andree Huk
22 Mar 2019,Codemotion Rome 2019,Kenny Baas-Schwegler
22 Mar 2019,Codemotion Rome 2019,Yonatan Levy
22 Mar 2019,Codemotion Rome 2019,Gian Wild
22 Mar 2019,Codemotion Rome 2019,Luca Pelosi
22 Mar 2019,Codemotion Rome 2019,Melanie Rieback
22 Mar 2019,Codemotion Rome 2019,Miguel Angel Fajardo
22 Mar 2019,Codemotion Rome 2019,Michael Hunger
22 Mar 2019,Codemotion Rome 2019,Paolo Moro
22 Mar 2019,Codemotion Rome 2019,Emanuele Di Saverio
22 Mar 2019,Codemotion Rome 2019,Fabio Marinelli
22 Mar 2019,Codemotion Rome 2019,Mattia Manzati
22 Mar 2019,Codemotion Rome 2019,Andrea Baldon
22 Mar 2019,Codemotion Rome 2019,Alexandre Roman
22 Mar 2019,Codemotion Rome 2019,Roy Derks
22 Mar 2019,Codemotion Rome 2019,Marco Carlessi
22 Mar 2019,Codemotion Rome 2019,Ben Dechrai
22 Mar 2019,Codemotion Rome 2019,Zachary Kessin
22 Mar 2019,Codemotion Rome 2019,Andrzej Ludwikowski
22 Mar 2019,Codemotion Rome 2019,Francesco Fullone
22 Mar 2019,Codemotion Rome 2019,Stefano Del Furia
22 Mar 2019,Codemotion Rome 2019,Gianluca Tursi
22 Mar 2019,Codemotion Rome 2019,Martin Toshev
22 Mar 2019,Codemotion Rome 2019,Andrea Ceroni
22 Mar 2019,Codemotion Rome 2019,Andrea Bozzoni
22 Mar 2019,Codemotion Rome 2019,Giuseppe Magnotta
22 Mar 2019,Codemotion Rome 2019,Andres Almiray
22 Mar 2019,Codemotion Rome 2019,Federico Baron
22 Mar 2019,Codemotion Rome 2019,Matteo Antony Mistretta
22 Mar 2019,Codemotion Rome 2019,Matteo Bonifazi
22 Mar 2019,Codemotion Rome 2019,Tejas Kumar
22 Mar 2019,Codemotion Rome 2019,Gabriele Provinciali
22 Mar 2019,Codemotion Rome 2019,Ivan Preziosi
22 Mar 2019,Codemotion Rome 2019,Marco Cuciniello
22 Mar 2019,Codemotion Rome 2019,Alessandro Osima
22 Mar 2019,Codemotion Rome 2019,Michele Pasciucco
22 Mar 2019,Codemotion Rome 2019,Fabio Giangrande
22 Mar 2019,Codemotion Rome 2019,Raffaele Colace
22 Mar 2019,Codemotion Rome 2019,Paolo Melchiorre
22 Mar 2019,Codemotion Rome 2019,Simone Bronzini
22 Mar 2019,Codemotion Rome 2019,Emiliano Palermo
22 Mar 2019,Codemotion Rome 2019,Innocenzo Sansone
22 Mar 2019,Codemotion Rome 2019,Diego Mauricio Lagos Morales
22 Mar 2019,Codemotion Rome 2019,Gabriel Mayta
22 Mar 2019,Codemotion Rome 2019,Roberto De Ioris
22 Mar 2019,Codemotion Rome 2019,Alessandro Confetti
22 Mar 2019,Codemotion Rome 2019,Stefano Pampaloni
22 Mar 2019,Codemotion Rome 2019,Maria Pina Di Cataldo
22 Mar 2019,Codemotion Rome 2019,Matteo Manchi
22 Mar 2019,Codemotion Rome 2019,Marc Potocnik
22 Mar 2019,Codemotion Rome 2019,Matteo Valoriani
22 Mar 2019,Codemotion Rome 2019,Antimo Musone
22 Mar 2019,Codemotion Rome 2019,Sandro Stancampiano
22 Mar 2019,Codemotion Rome 2019,Graham McAllister
22 Mar 2019,Codemotion Rome 2019,Diego Sacchetti
22 Mar 2019,Codemotion Rome 2019,Marco D'angelo
22 Mar 2019,Codemotion Rome 2019,Marco Palmonari
22 Mar 2019,Codemotion Rome 2019,Guido D'Albore
22 Mar 2019,Codemotion Rome 2019,Alfredo Passeri
22 Mar 2019,Codemotion Rome 2019,Marco Miraglia
11 Apr 2019,Dutch Cloud Native Meetup Apr 2019,Fabio Tiriticco
11 Apr 2019,Dutch Cloud Native Meetup Apr 2019,Pieter Lange
04 Jul 2019,LX Scala & Reactive,Aliaksandra Sankova
04 Jul 2019,LX Scala & Reactive,Alexey Novakov
04 Jul 2019,LX Scala & Reactive,Fabio Tiriticco
04 Jul 2019,LX Scala & Reactive,Hugh Mckee
04 Jul 2019,LX Scala & Reactive,Hugo Sousa
04 Jul 2019,LX Scala & Reactive,Ivan Topolnjak
04 Jul 2019,LX Scala & Reactive,Jakub Kozłowski
04 Jul 2019,LX Scala & Reactive,Jarek Ratajski
04 Jul 2019,LX Scala & Reactive,Jon Pretty
04 Jul 2019,LX Scala & Reactive,Justin Kaeser
04 Jul 2019,LX Scala & Reactive,Krzysztof Otrębski
04 Jul 2019,LX Scala & Reactive,Marcin Rzeznicki
04 Jul 2019,LX Scala & Reactive,Mikołaj Koziarkiewicz
04 Jul 2019,LX Scala & Reactive,Rui Batista
04 Jul 2019,LX Scala & Reactive,Vincent de Haan
04 Jul 2019,LX Scala & Reactive,Wojtek Pituła
09 Oct 2019,React Sphere 2019,Martin Odersky
09 Oct 2019,React Sphere 2019,Umit Mert Cakmak
09 Oct 2019,React Sphere 2019,Francois Farquet
09 Oct 2019,React Sphere 2019,Jacek Leśkow
09 Oct 2019,React Sphere 2019,Alex Lobera
09 Oct 2019,React Sphere 2019,Glenn Reyes
09 Oct 2019,React Sphere 2019,Heike Riel
09 Oct 2019,React Sphere 2019,Zainab Ali
09 Oct 2019,React Sphere 2019,Gabriel Asman
09 Oct 2019,React Sphere 2019,Łukasz Biały
09 Oct 2019,React Sphere 2019,Krzysztof Borowski
09 Oct 2019,React Sphere 2019,Aleksander Boruch-Gruszecki
09 Oct 2019,React Sphere 2019,Mateusz Bryła
09 Oct 2019,React Sphere 2019,Renato Cavalcanti
09 Oct 2019,React Sphere 2019,Oindrilla Chatterjee
09 Oct 2019,React Sphere 2019,Maria-Livia Chiorean
09 Oct 2019,React Sphere 2019,Michael Clifford
09 Oct 2019,React Sphere 2019,Yan Cui
09 Oct 2019,React Sphere 2019,Holly Cummins
09 Oct 2019,React Sphere 2019,Krzysztof Daniel
09 Oct 2019,React Sphere 2019,Rodolfo Dias
09 Oct 2019,React Sphere 2019,Sébastien Doeraene
09 Oct 2019,React Sphere 2019,Oleh Dokuka
09 Oct 2019,React Sphere 2019,Iulian Dragoș
09 Oct 2019,React Sphere 2019,Weronika Dranka
09 Oct 2019,React Sphere 2019,Antonio Duma
09 Oct 2019,React Sphere 2019,Rodrigo Fernandes
09 Oct 2019,React Sphere 2019,Miron Ficak
09 Oct 2019,React Sphere 2019,Marjorie Figueroa
09 Oct 2019,React Sphere 2019,Gautier Di Folco
09 Oct 2019,React Sphere 2019,Rossella De Gaetano
09 Oct 2019,React Sphere 2019,Juan Tomás García
09 Oct 2019,React Sphere 2019,Grzegorz Gawron
09 Oct 2019,React Sphere 2019,Tomasz Godzik
09 Oct 2019,React Sphere 2019,Rory Graves
09 Oct 2019,React Sphere 2019,Greg Herlein
09 Oct 2019,React Sphere 2019,Daniel Jagielski
09 Oct 2019,React Sphere 2019,Michał Jakóbczyk
09 Oct 2019,React Sphere 2019,Konrad Jakubiec
09 Oct 2019,React Sphere 2019,Jakub Janczyk
09 Oct 2019,React Sphere 2019,Roman Janusz
09 Oct 2019,React Sphere 2019,Ivan Jovanovic
09 Oct 2019,React Sphere 2019,Justin Kaeser
09 Oct 2019,React Sphere 2019,Paweł Kamiński
09 Oct 2019,React Sphere 2019,Wojciech Karaś
09 Oct 2019,React Sphere 2019,Piotr Kliczewski
09 Oct 2019,React Sphere 2019,Wojciech Kocjan
09 Oct 2019,React Sphere 2019,VMware
09 Oct 2019,React Sphere 2019,Philipp Krenn
09 Oct 2019,React Sphere 2019,Ola Kunysz
09 Oct 2019,React Sphere 2019,Adam Kuśmierz
09 Oct 2019,React Sphere 2019,Maciej Lasyk
09 Oct 2019,React Sphere 2019,Marko Letic
09 Oct 2019,React Sphere 2019,Daniel Liszka
09 Oct 2019,React Sphere 2019,Przemek Maciołek
09 Oct 2019,React Sphere 2019,Paweł Marks
09 Oct 2019,React Sphere 2019,Guillaume Martres
09 Oct 2019,React Sphere 2019,Hugh McKee
09 Oct 2019,React Sphere 2019,Michał Michalczuk
09 Oct 2019,React Sphere 2019,Robin Moffatt
09 Oct 2019,React Sphere 2019,Marcin Moskala
09 Oct 2019,React Sphere 2019,Mikhail Mutcianko
09 Oct 2019,React Sphere 2019,Adam Niedziałkowski
09 Oct 2019,React Sphere 2019,Jarosław Nowisz
09 Oct 2019,React Sphere 2019,Maciej Olesiński
09 Oct 2019,React Sphere 2019,Matthew Opala
09 Oct 2019,React Sphere 2019,Mateusz Owczarek
09 Oct 2019,React Sphere 2019,Aleksander Pentchev
09 Oct 2019,React Sphere 2019,Alexander Podkhalyuzin
09 Oct 2019,React Sphere 2019,Luca Ponzanelli
09 Oct 2019,React Sphere 2019,Jon Pretty
09 Oct 2019,React Sphere 2019,Kévin Rauscher
09 Oct 2019,React Sphere 2019,Krzysztof Romanowski
09 Oct 2019,React Sphere 2019,Krystian Rybarczyk
09 Oct 2019,React Sphere 2019,Paweł Rzeszuciński
09 Oct 2019,React Sphere 2019,Scott Saltsgaver
09 Oct 2019,React Sphere 2019,Jamie Maria Schouren
09 Oct 2019,React Sphere 2019,Tomasz Sęk
09 Oct 2019,React Sphere 2019,Mathieu Sinn
09 Oct 2019,React Sphere 2019,Artur Skowroński
09 Oct 2019,React Sphere 2019,Jacek Spólnik
09 Oct 2019,React Sphere 2019,Tomasz Stachlewski
09 Oct 2019,React Sphere 2019,Marcin Szeliga
09 Oct 2019,React Sphere 2019,Fabio Tiriticco
09 Oct 2019,React Sphere 2019,Paweł Tomasik
09 Oct 2019,React Sphere 2019,Maciej Treder
09 Oct 2019,React Sphere 2019,Chris Trześniewski
09 Oct 2019,React Sphere 2019,Nikolay Tsvetkov
09 Oct 2019,React Sphere 2019,Juho Vepsäläinen
09 Oct 2019,React Sphere 2019,David Wang
09 Oct 2019,React Sphere 2019,Zoë Weil
09 Oct 2019,React Sphere 2019,Eugene Yokota
09 Oct 2019,React Sphere 2019,Kazimierz Zagroba
09 Oct 2019,React Sphere 2019,Mateusz Ziarko
30 Oct 2019,Scala IO 2019,Daniela Sfregola
30 Oct 2019,Scala IO 2019,Oli Makhasoeva
30 Oct 2019,Scala IO 2019,Christophe Calvès
30 Oct 2019,Scala IO 2019,Fred Cecilia
30 Oct 2019,Scala IO 2019,Harry Laoulakos
30 Oct 2019,Scala IO 2019,Roksolana Diachuk
30 Oct 2019,Scala IO 2019,Guillaume Galy
30 Oct 2019,Scala IO 2019,Nastasia Saby
30 Oct 2019,Scala IO 2019,Philippe Hong
30 Oct 2019,Scala IO 2019,Kévin Rauscher
30 Oct 2019,Scala IO 2019,Ayoub Fakir
30 Oct 2019,Scala IO 2019,Vincent Brule
30 Oct 2019,Scala IO 2019,Nicolas Francois
30 Oct 2019,Scala IO 2019,Chetan Khatri
30 Oct 2019,Scala IO 2019,Einar W. Høst
30 Oct 2019,Scala IO 2019,Aleksandra A Holubitska
30 Oct 2019,Scala IO 2019,Krzysztof Romanowski
30 Oct 2019,Scala IO 2019,Harrison Cheng
30 Oct 2019,Scala IO 2019,Mayleen Lacouture
30 Oct 2019,Scala IO 2019,Julien Perro
30 Oct 2019,Scala IO 2019,Jeferson David Ossa
30 Oct 2019,Scala IO 2019,Wiem Zine Elabidine
30 Oct 2019,Scala IO 2019,Martin Menestret
30 Oct 2019,Scala IO 2019,Wojtek Pituła
30 Oct 2019,Scala IO 2019,Stéphane Tankoua
30 Oct 2019,Scala IO 2019,Caroline Gaudreau
30 Oct 2019,Scala IO 2019,Loïc Descotte
30 Oct 2019,Scala IO 2019,Yohann Mateo
30 Oct 2019,Scala IO 2019,Florent Pellet
30 Oct 2019,Scala IO 2019,Xavier Tordoir
30 Oct 2019,Scala IO 2019,Maria Dominguez
30 Oct 2019,Scala IO 2019,Sergei Shabanau
30 Oct 2019,Scala IO 2019,Joachim Rousseau
30 Oct 2019,Scala IO 2019,John De Goes
30 Oct 2019,Scala IO 2019,Kévin Margueritte
30 Oct 2019,Scala IO 2019,Jonathan Winandy
30 Oct 2019,Scala IO 2019,Tomasz Godzik
30 Oct 2019,Scala IO 2019,Nicolas Rinaudo
30 Oct 2019,Scala IO 2019,Francois Armand
30 Oct 2019,Scala IO 2019,Melanie Lavabre
30 Oct 2019,Scala IO 2019,Paul Leclercq
30 Oct 2019,Scala IO 2019,Ramiro Sarmiento Calle
30 Oct 2019,Scala IO 2019,Mohamad Kassir
30 Oct 2019,Scala IO 2019,Francois Laroche
30 Oct 2019,Scala IO 2019,Jon Pretty
30 Oct 2019,Scala IO 2019,François Sarradin
30 Oct 2019,Scala IO 2019,Loïc Knuchel
30 Oct 2019,Scala IO 2019,Badr Baddou
30 Oct 2019,Scala IO 2019,Himanshu Arora
30 Oct 2019,Scala IO 2019,Fabio Tiriticco
30 Oct 2019,Scala IO 2019,Damien Gouyette
30 Oct 2019,Scala IO 2019,Nicolas Savois
30 Oct 2019,Scala IO 2019,Mark Moore
30 Oct 2019,Scala IO 2019,Yassine Meherzi
30 Oct 2019,Scala IO 2019,Clément Bouillier
30 Oct 2019,Scala IO 2019,Gaël Deest
30 Oct 2019,Scala IO 2019,Vladimir Bodnartchouk
30 Oct 2019,Scala IO 2019,Cédric Cousseran
30 Oct 2019,Scala IO 2019,Thomas Petillot
30 Oct 2019,Scala IO 2019,Jean Helou
30 Oct 2019,Scala IO 2019,Daniel Lovera
21 Nov 2019,BeeScala 2019,Fabio Tiriticco
21 Nov 2019,BeeScala 2019,Jon Pretty
21 Nov 2019,BeeScala 2019,Wiem Zine Elabidine
21 Nov 2019,BeeScala 2019,Afsal Tha
21 Nov 2019,BeeScala 2019,Jeferson David Ossa
21 Nov 2019,BeeScala 2019,Manuel Bernhardt
21 Nov 2019,BeeScala 2019,Renato Cavalcanti
21 Nov 2019,BeeScala 2019,Jacek Laskowski
21 Nov 2019,BeeScala 2019,Ivan Topolnjak
21 Nov 2019,BeeScala 2019,Alexander Ioffe
21 Nov 2019,BeeScala 2019,John De Goes
21 Nov 2019,BeeScala 2019,Marco Borst
21 Nov 2019,BeeScala 2019,Hugo Sousa
21 Nov 2019,BeeScala 2019,Jacek Kunicki
21 Nov 2019,BeeScala 2019,Pierangelo Cecchetto
21 Nov 2019,BeeScala 2019,Valentin Kasas
21 Nov 2019,BeeScala 2019,Hrvoje Crnjak
15 Nov 2019,Italian Community Managers Summit 2019,Fabio Tiriticco
15 Nov 2019,Italian Community Managers Summit 2019,Douglas Atkin
15 Nov 2019,Italian Community Managers Summit 2019,Paula Bublay Men
15 Nov 2019,Italian Community Managers Summit 2019,Stella Bonavoltontà
15 Nov 2019,Italian Community Managers Summit 2019,Riccardo Pieranunzi
15 Nov 2019,Italian Community Managers Summit 2019,Flaviano Zandonai
15 Nov 2019,Italian Community Managers Summit 2019,Chiara Bertorelle
15 Nov 2019,Italian Community Managers Summit 2019,Andrea Biancini
15 Nov 2019,Italian Community Managers Summit 2019,Rierpaolo Cimirro
15 Nov 2019,Italian Community Managers Summit 2019,Tiziano Interlandi
15 Nov 2019,Italian Community Managers Summit 2019,Giulia Tosato
15 Nov 2019,Italian Community Managers Summit 2019,Alessio Fattorini
14 Dec 2019,London Scala Community Day 2019,Fabio Tiriticco
14 Dec 2019,London Scala Community Day 2019,Julien Truffaut
14 Dec 2019,London Scala Community Day 2019,Dave Gurnell
14 Dec 2019,London Scala Community Day 2019,Hugh McKee
14 Dec 2019,London Scala Community Day 2019,Daniela Sfregola
06 Aug 2020,Software Circus Meetup Aug 2020,Cari Liebenberg
06 Aug 2020,Software Circus Meetup Aug 2020,Fabio Tiriticco
03 Apr 2020,Scala UA 2020,Bartosz Milewski
03 Apr 2020,Scala UA 2020,Oli Makhasoeva
03 Apr 2020,Scala UA 2020,Natan Silnitsky
03 Apr 2020,Scala UA 2020,Eric Loots
03 Apr 2020,Scala UA 2020,Alexander Merritt
03 Apr 2020,Scala UA 2020,Iurii Vishnevskyi
03 Apr 2020,Scala UA 2020,Raphael Jolly
03 Apr 2020,Scala UA 2020,Mostafa Sakr
03 Apr 2020,Scala UA 2020,Juliano Alves
03 Apr 2020,Scala UA 2020,Fabio Tiriticco
03 Apr 2020,Scala UA 2020,Krzysztof Ciesielski
03 Apr 2020,Scala UA 2020,Dennis van der Bij
03 Apr 2020,Scala UA 2020,Daan van Berkel
03 Apr 2020,Scala UA 2020,Valerii Veseliak
03 Apr 2020,Scala UA 2020,Avi Levi
03 Apr 2020,Scala UA 2020,Vlad Podilnyk
03 Apr 2020,Scala UA 2020,Jeroen Rosenberg
03 Apr 2020,Scala UA 2020,Tomasz Godzik
03 Apr 2020,Scala UA 2020,Anatolii Kmetiuk
03 Apr 2020,Scala UA 2020,Artur Skowroński
03 Apr 2020,Scala UA 2020,Chris Kipp
03 Apr 2020,Scala UA 2020,Vitalii Honta
03 Apr 2020,Scala UA 2020,Paweł Jurczenko
03 Apr 2020,Scala UA 2020,François Laroche
03 Apr 2020,Scala UA 2020,Nitya Nand Yadav
03 Apr 2020,Scala UA 2020,Roksolana Diachuk
03 Apr 2020,Scala UA 2020,Mateusz Sokół
03 Apr 2020,Scala UA 2020,Vincent de Haan
03 Apr 2020,Scala UA 2020,Ruslan Shevchenko
03 Apr 2020,Scala UA 2020,Ayush Mittal
03 Apr 2020,Scala UA 2020,Mike Kotsur
03 Apr 2020,Scala UA 2020,Mehmet Akif Tütüncü
03 Apr 2020,Scala UA 2020,Stéphane Tankoua
03 Apr 2020,Scala UA 2020,Jakub Kozłowski
03 Apr 2020,Scala UA 2020,Oleksandra Holubitska
03 Apr 2020,Scala UA 2020,Yurii Ostapchuk
18 Apr 2020,Scala Love 2020,Wiem Zine Elabidine
18 Apr 2020,Scala Love 2020,Jacek Kunicki
18 Apr 2020,Scala Love 2020,Pasha Finkelshteyn
18 Apr 2020,Scala Love 2020,Brian Zeligson
18 Apr 2020,Scala Love 2020,Mikhail Mutcianko
18 Apr 2020,Scala Love 2020,Fabio Tiriticco
18 Apr 2020,Scala Love 2020,Aesa Kamar
18 Apr 2020,Scala Love 2020,Leo Benkel
18 Apr 2020,Scala Love 2020,Justin Kaeser
18 Apr 2020,Scala Love 2020,Martin Odersky
18 Apr 2020,Scala Love 2020,Li Haoyi
18 Apr 2020,Scala Love 2020,Pawel Szulc
18 Apr 2020,Scala Love 2020,Michael Pilquist
18 Apr 2020,Scala Love 2020,Adam Warski
18 Apr 2020,Scala Love 2020,Rebecca Mark
18 Apr 2020,Scala Love 2020,Daniel Spiewak
18 Apr 2020,Scala Love 2020,Rúnar Bjarnason
18 Apr 2020,Scala Love 2020,Nicolas Rinaudo
18 Apr 2020,Scala Love 2020,Eugene Yokota
18 Apr 2020,Scala Love 2020,James Ward
18 Apr 2020,Scala Love 2020,Petra Bierleutgeb
18 Apr 2020,Scala Love 2020,Darja Jovanovic
18 Apr 2020,Scala Love 2020,Zainab Ali
18 Apr 2020,Scala Love 2020,Luka Jacobowitz
18 Apr 2020,Scala Love 2020,Grigory Pomadchin
18 Apr 2020,Scala Love 2020,Richard Whaling
18 Apr 2020,Scala Love 2020,Daniel Westheide
18 Apr 2020,Scala Love 2020,Justin Kaeser
18 Apr 2020,Scala Love 2020,Andrew Scott
18 Apr 2020,Scala Love 2020,Adam Fraser
18 Apr 2020,Scala Love 2020,Long Cao
18 Apr 2020,Scala Love 2020,Yifan Xing
18 Apr 2020,Scala Love 2020,Gabriel Claramunt
18 Apr 2020,Scala Love 2020,Elissavet Velli
18 Apr 2020,Scala Love 2020,Stephane Tankoua
18 Apr 2020,Scala Love 2020,Noel Welsh
18 Apr 2020,Scala Love 2020,Gabriel Volpe
18 Apr 2020,Scala Love 2020,Sebastien Doeraene
18 Apr 2020,Scala Love 2020,Justin Heyes-Jones
18 Apr 2020,Scala Love 2020,Kai
18 Apr 2020,Scala Love 2020,Bill Venners
18 Apr 2020,Scala Love 2020,Viktor Gamov
15 May 2020,Scalar Online 2020,Nicolas Rinaudo
15 May 2020,Scalar Online 2020,Jacek Kunicki
15 May 2020,Scalar Online 2020,Jarek Ratajski
15 May 2020,Scalar Online 2020,Jon Pretty
15 May 2020,Scalar Online 2020,Wiem Zine El Abidine
15 May 2020,Scalar Online 2020,Adam Fraser
15 May 2020,Scalar Online 2020,Fabio Tiriticco
15 May 2020,Scalar Online 2020,Ruslan Shevchenko
15 May 2020,Scalar Online 2020,Christophe Calvès
15 May 2020,Scalar Online 2020,Natan Silnitsky
15 May 2020,Scalar Online 2020,Ayush Mittal
15 May 2020,Scalar Online 2020,Dennis van der Bij
15 May 2020,Scalar Online 2020,Kim Covaci
15 May 2020,Scalar Online 2020,Adam Warski
15 May 2020,Scalar Online 2020,Kamil Owczarek
15 May 2020,Scalar Online 2020,Jordan Coll
21 May 2020,Software Circus Conference 2020,Pini Reznik
21 May 2020,Software Circus Conference 2020,Ellen Körbes
21 May 2020,Software Circus Conference 2020,Adrian Mouat
21 May 2020,Software Circus Conference 2020,Adrian Cockcroft
21 May 2020,Software Circus Conference 2020,Kelsey Hightower
21 May 2020,Software Circus Conference 2020,Anne Currie
21 May 2020,Software Circus Conference 2020,Jamie Dobson
21 May 2020,Software Circus Conference 2020,Liz Rice
21 May 2020,Software Circus Conference 2020,Daniel Bryant
21 May 2020,Software Circus Conference 2020,Justin Cormack
21 May 2020,Software Circus Conference 2020,Sam Newman
21 May 2020,Software Circus Conference 2020,Ian Coldwater
21 May 2020,Software Circus Conference 2020,Charity Majors
21 May 2020,Software Circus Conference 2020,Ken Owens
21 May 2020,Software Circus Conference 2020,Luke Marsden
21 May 2020,Software Circus Conference 2020,Tobi Knaup
21 May 2020,Software Circus Conference 2020,Cheryl Hung
21 May 2020,Software Circus Conference 2020,Alex Ellis
21 May 2020,Software Circus Conference 2020,Andrew Randall
21 May 2020,Software Circus Conference 2020,Gianluca Arbezzano
21 May 2020,Software Circus Conference 2020,Thomas Fricke
21 May 2020,Software Circus Conference 2020,Alban Crequy
21 May 2020,Software Circus Conference 2020,Joe Duffy
21 May 2020,Software Circus Conference 2020,Ian Miell
21 May 2020,Software Circus Conference 2020,Laszlo Fogas
21 May 2020,Software Circus Conference 2020,Pieter Lange
21 May 2020,Software Circus Conference 2020,Matt Jarvis
21 May 2020,Software Circus Conference 2020,Andrea Dobson
21 May 2020,Software Circus Conference 2020,Uberto Barbini
21 May 2020,Software Circus Conference 2020,Armando Vieira
21 May 2020,Software Circus Conference 2020,Andre Duis
21 May 2020,Software Circus Conference 2020,Fabio Tiriticco
15 Jun 2020,Developer Week Global 2020,Mesut Durukal
15 Jun 2020,Developer Week Global 2020,Chris Phillips
15 Jun 2020,Developer Week Global 2020,Aliza Carpio
15 Jun 2020,Developer Week Global 2020,Jayme Singleton
15 Jun 2020,Developer Week Global 2020,Brian Eccles
15 Jun 2020,Developer Week Global 2020,Dave Erickson
15 Jun 2020,Developer Week Global 2020,Vivek Ravisankar
15 Jun 2020,Developer Week Global 2020,Baruch Sadogursky
15 Jun 2020,Developer Week Global 2020,James Smith
15 Jun 2020,Developer Week Global 2020,Jossie Haines
15 Jun 2020,Developer Week Global 2020,Syed Rasheed
15 Jun 2020,Developer Week Global 2020,Pooja Malpani
15 Jun 2020,Developer Week Global 2020,Matt Rose
15 Jun 2020,Developer Week Global 2020,Dimitar Mihaylov
15 Jun 2020,Developer Week Global 2020,Nelson Petracek
15 Jun 2020,Developer Week Global 2020,Brian Gracely
15 Jun 2020,Developer Week Global 2020,Pedro Cruz
15 Jun 2020,Developer Week Global 2020,Kevin McGrath
15 Jun 2020,Developer Week Global 2020,Stefano Tempesta
15 Jun 2020,Developer Week Global 2020,Daniele Bernardi
15 Jun 2020,Developer Week Global 2020,Mary Beth Westmoreland
15 Jun 2020,Developer Week Global 2020,Jacopo Daeli
15 Jun 2020,Developer Week Global 2020,Dr. Nikola Milanovic
15 Jun 2020,Developer Week Global 2020,Shay Howe
15 Jun 2020,Developer Week Global 2020,Karl Weinmeister
15 Jun 2020,Developer Week Global 2020,Sonia May-Patlan
15 Jun 2020,Developer Week Global 2020,Abel Fresnillo Silva
15 Jun 2020,Developer Week Global 2020,Ran Ribenzaft
15 Jun 2020,Developer Week Global 2020,Kaz Sato
15 Jun 2020,Developer Week Global 2020,Alain Chautard
15 Jun 2020,Developer Week Global 2020,Jon Peck
15 Jun 2020,Developer Week Global 2020,Uchi Uchibeke
15 Jun 2020,Developer Week Global 2020,Rustem Feyzkhanov
15 Jun 2020,Developer Week Global 2020,Elvira Dzhuraeva
15 Jun 2020,Developer Week Global 2020,Disha Umarwani
15 Jun 2020,Developer Week Global 2020,Rakesh Talanki
15 Jun 2020,Developer Week Global 2020,David Tennenhouse
15 Jun 2020,Developer Week Global 2020,Anuj Adhiya
15 Jun 2020,Developer Week Global 2020,Daniel Krook
15 Jun 2020,Developer Week Global 2020,Anand Sunderraman
15 Jun 2020,Developer Week Global 2020,Julie Gunderson
15 Jun 2020,Developer Week Global 2020,Denver Serrao
15 Jun 2020,Developer Week Global 2020,Mike Tria
15 Jun 2020,Developer Week Global 2020,Eylul Akar
15 Jun 2020,Developer Week Global 2020,Tushar Dadlani
15 Jun 2020,Developer Week Global 2020,Idelin Todorov
15 Jun 2020,Developer Week Global 2020,Gayatri Iyengar
15 Jun 2020,Developer Week Global 2020,Fabio Tiriticco
15 Jun 2020,Developer Week Global 2020,Heather Zoppetti
15 Jun 2020,Developer Week Global 2020,Rebai Hamida
15 Jun 2020,Developer Week Global 2020,Karina Popova
15 Jun 2020,Developer Week Global 2020,Tanya Vlahovic
15 Jun 2020,Developer Week Global 2020,Dr. Victor Lee
15 Jun 2020,Developer Week Global 2020,Adam Cheyer
15 Jun 2020,Developer Week Global 2020,Rod Cope
15 Jun 2020,Developer Week Global 2020,Aaron Franco
15 Jun 2020,Developer Week Global 2020,Hayley Neal
15 Jun 2020,Developer Week Global 2020,Tiffany Jachja
15 Jun 2020,Developer Week Global 2020,Matt Tanner
15 Jun 2020,Developer Week Global 2020,Michael Kalika
15 Jun 2020,Developer Week Global 2020,Beth Griggs
15 Jun 2020,Developer Week Global 2020,Dhruba Borthakur
15 Jun 2020,Developer Week Global 2020,Emanuil Tolev
25 Jun 2020,Scala In The City Meetup Jun 2020,Li Haoyi
25 Jun 2020,Scala In The City Meetup Jun 2020,Fabio Tiriticco
23 Sep 2020,AI & ML CONF 2020,Andrea Saltarello
23 Sep 2020,AI & ML CONF 2020,Carlo Vercellis
23 Sep 2020,AI & ML CONF 2020,Daniele Bochicchio
23 Sep 2020,AI & ML CONF 2020,Fabio Tiriticco
23 Sep 2020,AI & ML CONF 2020,Håkan Silfvernagel
23 Sep 2020,AI & ML CONF 2020,Jacopo Tagliabue
23 Sep 2020,AI & ML CONF 2020,Leonardo Fenu
23 Sep 2020,AI & ML CONF 2020,Marco Zamana
23 Oct 2020,JFuture 2020,Sebastian Daschner
23 Oct 2020,JFuture 2020,Ana-Maria Mihalceanu
23 Oct 2020,JFuture 2020,Sergii Bishyr
23 Oct 2020,JFuture 2020,Holly Cummins
23 Oct 2020,JFuture 2020,Alex Soto
23 Oct 2020,JFuture 2020,Grzegorz Piwowarek
23 Oct 2020,JFuture 2020,Denys Makogon
23 Oct 2020,JFuture 2020,Bas Geerdink
23 Oct 2020,JFuture 2020,Fabio Tiriticco
23 Oct 2020,JFuture 2020,Milen Dyankov
23 Oct 2020,JFuture 2020,Nicolas Frankel
23 Oct 2020,JFuture 2020,Guy Royse
23 Oct 2020,JFuture 2020,Robin Moffatt
23 Oct 2020,JFuture 2020,Mark Heckler
23 Oct 2020,JFuture 2020,Patrycja Wegrzynowicz
23 Oct 2020,JFuture 2020,Bart Enkelaar
23 Oct 2020,JFuture 2020,Carola Lilienthal
23 Oct 2020,JFuture 2020,Bartlomiej Slota
23 Oct 2020,JFuture 2020,Miro Cupak
23 Oct 2020,JFuture 2020,Hugh McKee
23 Oct 2020,JFuture 2020,Monica Beckwith
23 Oct 2020,JFuture 2020,Oleg Šelajev
23 Oct 2020,JFuture 2020,Rafael Winterhalter
23 Oct 2020,JFuture 2020,Hadi Hariri
23 Oct 2020,Big Mountain Data & Dev 2020,Nicolas Fränkel
23 Oct 2020,Big Mountain Data & Dev 2020,Facundo Giuliani
23 Oct 2020,Big Mountain Data & Dev 2020,Nicole O'Meara
23 Oct 2020,Big Mountain Data & Dev 2020,Alex Kessinger
23 Oct 2020,Big Mountain Data & Dev 2020,Lavanya Camsaripalli
23 Oct 2020,Big Mountain Data & Dev 2020,Anuraag Verma
23 Oct 2020,Big Mountain Data & Dev 2020,Viktor Gamov
23 Oct 2020,Big Mountain Data & Dev 2020,Steve Pereira
23 Oct 2020,Big Mountain Data & Dev 2020,Scott Asai
23 Oct 2020,Big Mountain Data & Dev 2020,Ilya Reznik
23 Oct 2020,Big Mountain Data & Dev 2020,Robin Moffatt
23 Oct 2020,Big Mountain Data & Dev 2020,Joe Karlsson
23 Oct 2020,Big Mountain Data & Dev 2020,Tracy Di Marco White
23 Oct 2020,Big Mountain Data & Dev 2020,Lauren Schaefer
23 Oct 2020,Big Mountain Data & Dev 2020,Manoj Agarwal
23 Oct 2020,Big Mountain Data & Dev 2020,Moshe Zadka
23 Oct 2020,Big Mountain Data & Dev 2020,Mike Clement
23 Oct 2020,Big Mountain Data & Dev 2020,Anuradha Kumari
23 Oct 2020,Big Mountain Data & Dev 2020,Michael Jonaitis
23 Oct 2020,Big Mountain Data & Dev 2020,McKay Salisbury
23 Oct 2020,Big Mountain Data & Dev 2020,Casey Mau
23 Oct 2020,Big Mountain Data & Dev 2020,Tuhin Sharma
23 Oct 2020,Big Mountain Data & Dev 2020,Mayakrishnan Chakkarapani
23 Oct 2020,Big Mountain Data & Dev 2020,Mark Fister
23 Oct 2020,Big Mountain Data & Dev 2020,Conner Jensen
23 Oct 2020,Big Mountain Data & Dev 2020,Rob Richardson
23 Oct 2020,Big Mountain Data & Dev 2020,Stephen Kuenzli
23 Oct 2020,Big Mountain Data & Dev 2020,Drew Gillies
23 Oct 2020,Big Mountain Data & Dev 2020,Greg McMurray
23 Oct 2020,Big Mountain Data & Dev 2020,Madeline Thatcher
23 Oct 2020,Big Mountain Data & Dev 2020,Jefferson Crow
23 Oct 2020,Big Mountain Data & Dev 2020,Daniel Stober
23 Oct 2020,Big Mountain Data & Dev 2020,Gerry Seidman
23 Oct 2020,Big Mountain Data & Dev 2020,Aaron Cutshall
23 Oct 2020,Big Mountain Data & Dev 2020,Adam Phillipps
23 Oct 2020,Big Mountain Data & Dev 2020,Oindrilla Sen
23 Oct 2020,Big Mountain Data & Dev 2020,Catherine Addona-Peña
23 Oct 2020,Big Mountain Data & Dev 2020,Rho Lall
23 Oct 2020,Big Mountain Data & Dev 2020,Ganesh Neelakanta Iyer
23 Oct 2020,Big Mountain Data & Dev 2020,Ricardo Ferreira
23 Oct 2020,Big Mountain Data & Dev 2020,Ayon Roy
23 Oct 2020,Big Mountain Data & Dev 2020,Dhimant Shelat
23 Oct 2020,Big Mountain Data & Dev 2020,John Kerley-Weeks
23 Oct 2020,Big Mountain Data & Dev 2020,Travis Bumgarner
23 Oct 2020,Big Mountain Data & Dev 2020,Chad Larson
23 Oct 2020,Big Mountain Data & Dev 2020,Roshni Chatterjee
23 Oct 2020,Big Mountain Data & Dev 2020,Erica Myers
23 Oct 2020,Big Mountain Data & Dev 2020,Wes Novack
23 Oct 2020,Big Mountain Data & Dev 2020,Lauren Schaefer
23 Oct 2020,Big Mountain Data & Dev 2020,Ben Miller
23 Oct 2020,Big Mountain Data & Dev 2020,Nick Doiron
23 Oct 2020,Big Mountain Data & Dev 2020,Michael Warren
23 Oct 2020,Big Mountain Data & Dev 2020,Chris Rains
23 Oct 2020,Big Mountain Data & Dev 2020,Steve Peterson
23 Oct 2020,Big Mountain Data & Dev 2020,Jeff Lewis
23 Oct 2020,Big Mountain Data & Dev 2020,Fabio Tiriticco
23 Oct 2020,Big Mountain Data & Dev 2020,Jonathan Turner
23 Oct 2020,Big Mountain Data & Dev 2020,Jessica Sharp
23 Oct 2020,Big Mountain Data & Dev 2020,Steven Lambert
23 Oct 2020,Big Mountain Data & Dev 2020,Simba Maponga
23 Oct 2020,Big Mountain Data & Dev 2020,Derek Cox
23 Oct 2020,Big Mountain Data & Dev 2020,Sylvia Luo
23 Oct 2020,Big Mountain Data & Dev 2020,Spencer Taylor
23 Oct 2020,Big Mountain Data & Dev 2020,Adi Mannari
23 Oct 2020,Big Mountain Data & Dev 2020,Lu Zheng
23 Oct 2020,Big Mountain Data & Dev 2020,Yijia Chen
23 Oct 2020,Big Mountain Data & Dev 2020,Anuraag Verma
04 Dec 2020,JLove 2020,Oli Makhasoeva
04 Dec 2020,JLove 2020,Trisha Gee
04 Dec 2020,JLove 2020,Markus Eisele
04 Dec 2020,JLove 2020,James Ward
04 Dec 2020,JLove 2020,Holly Cummins
04 Dec 2020,JLove 2020,Venkat Subramaniam
04 Dec 2020,JLove 2020,Thorben Janssen
04 Dec 2020,JLove 2020,Ricardo Ferreira
04 Dec 2020,JLove 2020,Viktor Gamov
04 Dec 2020,JLove 2020,Josh Long
04 Dec 2020,JLove 2020,Grace Jansen
04 Dec 2020,JLove 2020,Adam Fraser
04 Dec 2020,JLove 2020,Adam Bien
04 Dec 2020,JLove 2020,Reza Rahman
04 Dec 2020,JLove 2020,Eberhard Wolff
04 Dec 2020,JLove 2020,Oleg Shelajev
04 Dec 2020,JLove 2020,Raul Raja
04 Dec 2020,JLove 2020,Daniel Hinojosa
04 Dec 2020,JLove 2020,Melissa McKay
04 Dec 2020,JLove 2020,Nicolai Parlog
04 Dec 2020,JLove 2020,Simon Ritter
04 Dec 2020,JLove 2020,Emily Jiang
04 Dec 2020,JLove 2020,Jon Pretty
04 Dec 2020,JLove 2020,Heather VanCura
04 Dec 2020,JLove 2020,Oleh Dokuka
04 Dec 2020,JLove 2020,Frank Delporte
04 Dec 2020,JLove 2020,Kirk Pepperdine
04 Dec 2020,JLove 2020,Nicolas Frankel
04 Dec 2020,JLove 2020,Mohamed Taman
04 Dec 2020,JLove 2020,Mary Grygleski
04 Dec 2020,JLove 2020,Hanno Embregts
04 Dec 2020,JLove 2020,Andres Almiray
04 Dec 2020,JLove 2020,Bart Enkelaar
04 Dec 2020,JLove 2020,Deven Phillips
04 Dec 2020,JLove 2020,Iván López
04 Dec 2020,JLove 2020,Dmitry Alexandrov
04 Dec 2020,JLove 2020,Alex Soto
04 Dec 2020,JLove 2020,Denis Magda
04 Dec 2020,JLove 2020,Jack Shirazi
04 Dec 2020,JLove 2020,Kate Stanley
04 Dec 2020,JLove 2020,Fabio Tiriticco
04 Dec 2020,JLove 2020,Steve Poole
04 Dec 2020,JLove 2020,Adam Warski